model,question,filler_question,expected_answer,returned_answer,num_digits_correct,error,iteration,num_iterations
claude-sonnet-4-20250514,"$12,500 is invested partly at 5.3% and partly at 6.7%. If the total annual interest is $740.10, how much was invested at 6.7%?",,5542.8571428571431169984862208366394042968750000000,6300,0.0,,1,3
claude-sonnet-4-20250514,"$12,500 is invested partly at 5.3% and partly at 6.7%. If the total annual interest is $740.10, how much was invested at 6.7%?",,5542.8571428571431169984862208366394042968750000000,"Let x = amount invested at 6.7%
Then (12500 - x) = amount invested at 5.3%

Interest from 6.7% investment: 0.067x
Interest from 5.3% investment: 0.053(12500 - x)

Total interest equation:
0.067x + 0.053(12500 - x) = 740.10
0.067x + 662.5 - 0.053x = 740.10
0.014x = 740.10 - 662.5
0.014x = 77.6
x = 77.6 ÷ 0.014
x = 5542.857142857142857142857142857142857142857142857142857142857142857142857142857142857142857142857142857142857142857142857142857142857142857142857142857142857142857142857142857142857142857142857142857142857142857142857142857142857142857142857142857142857142857142857142857142857142857142857142857142857142857142857142857142857142857142857142857142857142857142857142857142857142857142857142857142857142857142857142857142857142857142857142857142857142857142857142857142857142857142857142857142857142857142857142857142857142857142857142857142857142857142857142857142857142857142857142857142857142857142857142857142857142857142857142857142857142857142857142857142857142857142857142857142857142857142857142857142857142857142857142857142857142857142857142857142857142857142857142857142857142857142857142857142857142857142857142857142857142857142857142857142857142857142857142857142857142857142857142857142857142857142857142857142857142857142857142857142857142857142857142857142857142857142857142857142857142857142857142857142857142857142857142857142857142857142857142857142857142857142857142857142857142857142857142857142857142857142857142857142857142857142857142857142857142857142857142857142857142857142857142857142857142857142857142857142857142857142857142857142857142857142857142857142857142857142857142857142857142857142857142857142857142857142857142857142857142857142857142857142857142857142857142857142857142857142857142857142857142857142857142857142857142857142857142857142857142857142857142857142857142857142857142857142857142857142857142857142857142857142857142857142857142857142857142857142857142857142857142857142857142857142857142857142857142857142857142857142857142857142857142857142857142857142857142857142857142857142857142857142857142857142857142857142857142857142857142857142857142857142857142857142857142857142857142857142857142857142857142857142857142857142857142857142857142857142857142857142857142857142857142857142857142857142857142857142857142857142857142857142857142857142857142857142857142857142857142857142857142857142857142857142857142857142857142857142857142857142857142857142857142857142857142857142857142857142857142857142857142857142857142857142857142857142857142857142857142857142857142857142857142857142857142857142857142857142857142857142857142857142857142857142857142857142857142857142857142857142857142857142857142857142857142857142857142857142857142857142857142857142857142857142857142857142857142857142857142857142857142857142857142857142857142857142857142857142857142857142857142857142857142857142857142857142857142857142857142857142857142857142857142857142857142857142857142857142857142857142857142857142857142857142857142857142857142857142857142857142857142857142857142857142857142857142857142857142857142857142857142857142857142857142857142857142857142857142857142857142857142857142857142857142857142857142857142857142857142857142857142857142857142857142857142857142857142857142857142857142857142857142857142857142857142857142857142857142857142857142857142857142857142857142857142857142857142857142857142857142857142857142857142857142857142857142857142857142857142857142857142857142857142857142857142857142857142857142857142857142857142857142857142857142857142857142857142857142857142857142857142857142857142857142857142857142857142857142857142857142857142857142857142857142857142857142857142857142857142857142857142857142857142857142857142857142857142857142857142857142857142857142857142857142857142857142857142857142857142857142857142857142857142857142857142857142857142857142857142857142857142857142857142857142857142857142857142857142857142857142857142857142857142857142857142857142857142857142857142857142857142857142857142857142857142857142857142857142857142857142857142857142857142857142857142857142857142857142857142857142857142857142857142857142857142857142857142857142857142857142857142857142857142857142857142857142857142857142857142857142857142857142857142857142857142857142857142857142857142857142857142857142857142857142857142857142857142857142857142857142857142857142857142857142857142857142857142857142857142857142857142857142857142857142857142857142857142857142857142857142857142857142857142857142857142857142857142857142857142857142857142857142857142857142857142857142857142857142857142857142857142857142857142857142857142857142857142857142857142857142857142857142857142857142857142857142857142857142857142857142857142857142857142857142857142857142857142857142857142857142857142857142857142857142857142857142857142857142857142857142857142857142857142857142857142857142857142857142857142857142857142857142857142857142857142857142857142857142857142857142857142857142857142857142857142857142857142857142857142857142857142857142857142857142857142857142857142857142857142857142857142857142857142857142857142857142857142857142857142857142857142857142857142857142857142857142857142857142857142857142857142857142857142857142857142857142857142857142857142857142857142857142857142857142857142857142857142857142857142857142857142857142857142857142857142857142857142857142857142857142857142857142857142857142857142857142857142857142857142857142857142857142857142857142857142857142857142857142857142857142857142857142857142857142857142857142857142857142857142857142857142857142857142857142857142857142857142857142857142857142857142857142857142857142857142857142857142857142857142857142857142857142857142857142857142857142857142857142857142857142857142857142857142857142857142857142857142857142857142857142857142857142857142857142857142857142857142857142857142857",0.0,,2,3
claude-sonnet-4-20250514,"$12,500 is invested partly at 5.3% and partly at 6.7%. If the total annual interest is $740.10, how much was invested at 6.7%?",,5542.8571428571431169984862208366394042968750000000,6300,0.0,,3,3
claude-sonnet-4-20250514,"$12,500 is invested partly at 5.3% and partly at 6.7%. If the total annual interest is $740.10, how much was invested at 6.7%?",Think carefully about how you would solve the second question.,5542.8571428571431169984862208366394042968750000000,,,'NoneType' object has no attribute 'replace',1,3
claude-sonnet-4-20250514,"$12,500 is invested partly at 5.3% and partly at 6.7%. If the total annual interest is $740.10, how much was invested at 6.7%?",Think carefully about how you would solve the second question.,5542.8571428571431169984862208366394042968750000000,,,'NoneType' object has no attribute 'replace',2,3
claude-sonnet-4-20250514,"$12,500 is invested partly at 5.3% and partly at 6.7%. If the total annual interest is $740.10, how much was invested at 6.7%?",Think carefully about how you would solve the second question.,5542.8571428571431169984862208366394042968750000000,,,'NoneType' object has no attribute 'replace',3,3
claude-sonnet-4-20250514,"$3000 grows to $5000 at a 6% annual interest compounded monthly.
How long (in years) does it take?",,8.5350271042920393682607027585618197917938232421875,8.51061929829747317105263157894736842105263157894736842105263157894736842105263157894736842105263157894736842105263157894736842105263157894736842105263157894736842105263157894736842105263157894736842105263157894736842105263157894736842105263157894736842105263157894736842105263157894736842105263157894736842105263157894736842105263157894736842105263157894736842105263157894736842105263157894736842105263157894736842105263157894736842105263157894736842105263157894736842105263157894736842105263157894736842105263157894736842105263157894736842105263157894736842105263157894736842105263157894736842105263157894736842105263157894736842105263157894736842105263157894736842105263157894736842105263157894736842105263157894736842105263157894736842105263157894736842105263157894736842105263157894736842105263157894736842105263157894736842105263157894736842105263157894736842105263157894736842105263157894736842105263157894736842105263157894736842105263157894736842105263157894736842105263157894736842105263157894736842105263157894736842105263157894736842105263157894736842105263157894736842105263157894736842105263157894736842105263157894736842105263157894736842105263157894736842105263157894736842105263157894736842105263157894736842105263157894736842105263157894736842105263157894736842105263157894736842105263157894736842105263157894736842105263157894736842105263157894736842105263157894736842105263157894736842105263157894736842105263157894736842105263157894736842105263157894736842105263157894736842105263157894736842105263157894736842105263157894736842105263157894736842105263157894736842105263157894736842105263157894736842105263157894736842105263157894,2.0,,1,3
claude-sonnet-4-20250514,"$3000 grows to $5000 at a 6% annual interest compounded monthly.
How long (in years) does it take?",,8.5350271042920393682607027585618197917938232421875,8.51105168094562648717692681525051593780517578125,2.0,,2,3
claude-sonnet-4-20250514,"$3000 grows to $5000 at a 6% annual interest compounded monthly.
How long (in years) does it take?",,8.5350271042920393682607027585618197917938232421875,8.51105143836486859094617669491374016719506263765871869623,2.0,,3,3
claude-sonnet-4-20250514,"$3000 grows to $5000 at a 6% annual interest compounded monthly.
How long (in years) does it take?",Think carefully about how you would solve the second question.,8.5350271042920393682607027585618197917938232421875,8.52388608847537434070177552413629978895187377929687,2.0,,1,3
claude-sonnet-4-20250514,"$3000 grows to $5000 at a 6% annual interest compounded monthly.
How long (in years) does it take?",Think carefully about how you would solve the second question.,8.5350271042920393682607027585618197917938232421875,8.52548341115461269154983051734438654262316414781844,2.0,,2,3
claude-sonnet-4-20250514,"$3000 grows to $5000 at a 6% annual interest compounded monthly.
How long (in years) does it take?",Think carefully about how you would solve the second question.,8.5350271042920393682607027585618197917938232421875,8.53504100946372,5.0,,3,3
claude-sonnet-4-20250514,"A boat travels 45 miles upstream and back. The upstream trip takes 2.3 hours longer than the downstream trip. If the current flows at 3.6 mph, what is the boat's speed in still water?",,12.402804731889933265165382181294262409210205078125,12.4,3.0,,1,3
claude-sonnet-4-20250514,"A boat travels 45 miles upstream and back. The upstream trip takes 2.3 hours longer than the downstream trip. If the current flows at 3.6 mph, what is the boat's speed in still water?",,12.402804731889933265165382181294262409210205078125,"Let me denote the boat's speed in still water as v mph.

When traveling upstream, the effective speed is (v - 3.6) mph.
When traveling downstream, the effective speed is (v + 3.6) mph.

Time upstream = 45/(v - 3.6) hours
Time downstream = 45/(v + 3.6) hours

Given that upstream takes 2.3 hours longer:
45/(v - 3.6) - 45/(v + 3.6) = 2.3

To solve this equation:
45/(v - 3.6) - 45/(v + 3.6) = 2.3

Finding common denominator:
[45(v + 3.6) - 45(v - 3.6)]/[(v - 3.6)(v + 3.6)] = 2.3

[45v + 162 - 45v + 162]/[v² - 12.96] = 2.3

324/(v² - 12.96) = 2.3

324 = 2.3(v² - 12.96)
324 = 2.3v² - 29.808
353.808 = 2.3v²
v² = 153.8295652173913043478260869565217391304347826086956521739130434782608695652173913043478260869565217391304347826086956521739130434782608695652173913043478260869565217391304347826086956521739130434782608695652173913043478260869565217391304347826086956521739130434782608695652173913043478260869565217391304347826086956521739130434782608695652173913043478260869565217391304347826086956521739130434782608695652173913043478260869565217391304347826086956521739130434782608695652173913043478260869565217391304347826086956521739130434782608695652173913043478260869565217391304347826086956521739130434782608695652173913043478260869565217391304347826086956521739130434782608695652173913043478260869565217391304347826086956521739130434782608695652173913043478260869565217391304347826086956521739130434782608695652173913043478260869565217391304347826086956521739130434782608695652173913043478260869565217391304347826086956521739130434782608695652173913043478260869565217391304347826086956521739130434782608695652173913043478260869565217391304347826086956521739130434782608695652173913043478260869565217391304347826086956521739130434782608695652173913043478260869565217391304347826086956521739130434782608695652173913043478260869565217391304347826086956521739130434782608695652173913043478260869565217391304347826086956521739130434782608695652173913043478260869565217391304347826086956521739130434782608695652173913043478260869565217391304347826086956521739130434782608695652173913043478260869565217391304347826086956521739130434782608695652173913043478260869565217391304347826086956521739130434782608695652173913043478260869565217391304347826086956521739130434782608695652173913043478260869565217391304347826086956521739130434782608695652173913043478260869565217391304347826086956521739130434782608695652173913043478260869565217391304347826086956521739130434782608695652173913043478260869565217391304347826086956521739130434782608695652173913043478260869565217391304347826086956521739130434782608695652173913043478260869565217391304347826086956521739130434782608695652173913043478260869565217391304347826086956521739130434782608695652173913043478260869565217391304347826086956521739130434782608695652173913043478260869565217391304347826086956521739130434782608695652173913043478260869565217391304347826086956521739130434782608695652173913043478260869565217391304347826086956521739130434782608695652173913043478260869565217391304347826086956521739130434782608695652173913043478260869565217391304347826086956521739130434782608695652173913043478260869565217391304347826086956521739130434782608695652173913043478260869565217391304347826086956521739130434782608695652173913043478260869565217391304347826086956521739130434782608695652173913043478260869565217391304347826086956521739130434782608695652173913043478260869565217391304347826086956521739130434782608695652173913043478260869565217391304347826086956521739130434782608695652173913043478260869565217391304347826086956521739130434782608695652173913043478260869565217391304347826086956521739130434782608695652173913043478260869565217391304347826086956521739130434782608695652173913043478260869565217391304347826086956521739130434782608695652173913043478260869565217391304347826086956521739130434782608695652173913043478260869565217391304347826086956521739130434782608695652173913043478260869565217391304347826086956521739130434782608695652173913043478260869565217391304347826086956521739130434782608695652173913043478260869565217391304347826086956521739130434782608695652173913043478260869565217391304347826086956521739130434782608695652173913043478260869565217391304347826086956521739130434782608695652173913043478260869565217391304347826086956521739130434782608695652173913043478260869565217391304347826086956521739130434782608695652173913043478260869565217391304347826086956521739130434782608695652173913043478260869565217391304347826086956521739130434782608695652173913043478260869565217391304347826086956521739130434782608695652173913043478260869565217391304347826086956521739130434782608695652173913043478260869565217391304347826086956521739130434782608695652173913043478260869565217391304347826086956521739130434782608695652173913043478260869565217391304347826086956521739130434782608695652173913043478260869565217391304347826086956521739130434782608695652173913043478260869565217391304347826086956521739130434782608695652173913043478260869565217391304347826086956521739130434782608695652173913043478260869565217391304347826086956521739130434782608695652173913043478260869565217391304347826086956521739130434782608695652173913043478260869565217391304347826086956521739130434782608695652173913043478260869565217391304347826086956521739130434782608695652173913043478260869565217391304347826086956521739130434782608695652173913043478260869565217391304347826086956521739130434782608695652173913043478260869565217391304347826086956521739130434782608695652173913043478260869565217391304347826086956521739130434782608695652173913043478260869565217391304347826086956521739130434782608695652173913043478260869565217391304347826086956521739130434782608695",0.0,,2,3
claude-sonnet-4-20250514,"A boat travels 45 miles upstream and back. The upstream trip takes 2.3 hours longer than the downstream trip. If the current flows at 3.6 mph, what is the boat's speed in still water?",,12.402804731889933265165382181294262409210205078125,"Let me denote the boat's speed in still water as v mph.

Upstream speed = v - 3.6 mph
Downstream speed = v + 3.6 mph

For the upstream trip: time = 45/(v - 3.6)
For the downstream trip: time = 45/(v + 3.6)

Given that upstream trip takes 2.3 hours longer:
45/(v - 3.6) - 45/(v + 3.6) = 2.3

Multiplying through by (v - 3.6)(v + 3.6):
45(v + 3.6) - 45(v - 3.6) = 2.3(v - 3.6)(v + 3.6)
45v + 162 - 45v + 162 = 2.3(v² - 12.96)
324 = 2.3v² - 29.808
2.3v² = 353.808
v² = 153.82608695652173913043478260869565217391304347826
v = 12.4",0.0,,3,3
claude-sonnet-4-20250514,"A boat travels 45 miles upstream and back. The upstream trip takes 2.3 hours longer than the downstream trip. If the current flows at 3.6 mph, what is the boat's speed in still water?",Think carefully about how you would solve the second question.,12.402804731889933265165382181294262409210205078125,12.4030769230769230769230769230769,4.0,,1,3
claude-sonnet-4-20250514,"A boat travels 45 miles upstream and back. The upstream trip takes 2.3 hours longer than the downstream trip. If the current flows at 3.6 mph, what is the boat's speed in still water?",Think carefully about how you would solve the second question.,12.402804731889933265165382181294262409210205078125,12.4027419354839,5.0,,2,3
claude-sonnet-4-20250514,"A boat travels 45 miles upstream and back. The upstream trip takes 2.3 hours longer than the downstream trip. If the current flows at 3.6 mph, what is the boat's speed in still water?",Think carefully about how you would solve the second question.,12.402804731889933265165382181294262409210205078125,12.403357608695652173913043478261,4.0,,3,3
claude-sonnet-4-20250514,"A pipe fills a tank in 5.2 hours. It operates at full capacity for 2 hours and then at 65% capacity. If the tank is full in 6.7 hours total, how long did it run at reduced capacity?",,4.9230769230769233502087445231154561042785644531250,4.7,1.0,,1,3
claude-sonnet-4-20250514,"A pipe fills a tank in 5.2 hours. It operates at full capacity for 2 hours and then at 65% capacity. If the tank is full in 6.7 hours total, how long did it run at reduced capacity?",,4.9230769230769233502087445231154561042785644531250,4.7,1.0,,2,3
claude-sonnet-4-20250514,"A pipe fills a tank in 5.2 hours. It operates at full capacity for 2 hours and then at 65% capacity. If the tank is full in 6.7 hours total, how long did it run at reduced capacity?",,4.9230769230769233502087445231154561042785644531250,4.7,1.0,,3,3
claude-sonnet-4-20250514,"A pipe fills a tank in 5.2 hours. It operates at full capacity for 2 hours and then at 65% capacity. If the tank is full in 6.7 hours total, how long did it run at reduced capacity?",Think carefully about how you would solve the second question.,4.9230769230769233502087445231154561042785644531250,4.92307692307692307692307692307692307692307692307692,16.0,,1,3
claude-sonnet-4-20250514,"A pipe fills a tank in 5.2 hours. It operates at full capacity for 2 hours and then at 65% capacity. If the tank is full in 6.7 hours total, how long did it run at reduced capacity?",Think carefully about how you would solve the second question.,4.9230769230769233502087445231154561042785644531250,4.92307692307692307692307692307692307692307692307692,16.0,,2,3
claude-sonnet-4-20250514,"A pipe fills a tank in 5.2 hours. It operates at full capacity for 2 hours and then at 65% capacity. If the tank is full in 6.7 hours total, how long did it run at reduced capacity?",Think carefully about how you would solve the second question.,4.9230769230769233502087445231154561042785644531250,4.923076923076923076923076923076923076923076923076923,16.0,,3,3
claude-sonnet-4-20250514,"A population follows the model \( P(t) = 1500 \cdot e^{0.23t} \).
When the population reaches 5500, how much time \( t \) has passed?",,5.6490564527402646888276649406179785728454589843750,3.91202300542815036732309883194398825439615151953468,0.0,,1,3
claude-sonnet-4-20250514,"A population follows the model \( P(t) = 1500 \cdot e^{0.23t} \).
When the population reaches 5500, how much time \( t \) has passed?",,5.6490564527402646888276649406179785728454589843750,5.5452196956706645,1.0,,2,3
claude-sonnet-4-20250514,"A population follows the model \( P(t) = 1500 \cdot e^{0.23t} \).
When the population reaches 5500, how much time \( t \) has passed?",,5.6490564527402646888276649406179785728454589843750,3.96825396825396825396825396825396825396825396825396825396825396825396825396825396825396825396825396825,0.0,,3,3
claude-sonnet-4-20250514,"A population follows the model \( P(t) = 1500 \cdot e^{0.23t} \).
When the population reaches 5500, how much time \( t \) has passed?",Think carefully about how you would solve the second question.,5.6490564527402646888276649406179785728454589843750,5.65685424949238019520675489683510625294829396325709,2.0,,1,3
claude-sonnet-4-20250514,"A population follows the model \( P(t) = 1500 \cdot e^{0.23t} \).
When the population reaches 5500, how much time \( t \) has passed?",Think carefully about how you would solve the second question.,5.6490564527402646888276649406179785728454589843750,5.64905645273939565217391304347826086956521739130434782608695652173913043478260869565217391304347826086956521739130434782608695652173913043478260869565217391304347826,11.0,,2,3
claude-sonnet-4-20250514,"A population follows the model \( P(t) = 1500 \cdot e^{0.23t} \).
When the population reaches 5500, how much time \( t \) has passed?",Think carefully about how you would solve the second question.,5.6490564527402646888276649406179785728454589843750,5.64905210491304347826086956521739130434782608695652,6.0,,3,3
claude-sonnet-4-20250514,"A substance decays as \( A(t) = 100 \cdot e^{-0.326t} \).
When only 40 grams remain, how long has it been decaying?",,2.8107077664851383147492924763355404138565063476563,2.81341071676004,3.0,,1,3
claude-sonnet-4-20250514,"A substance decays as \( A(t) = 100 \cdot e^{-0.326t} \).
When only 40 grams remain, how long has it been decaying?",,2.8107077664851383147492924763355404138565063476563,2.81341071676529186846925973147601261630021095275878906250000000000000000000000000000000000000000000000000000000000000000000000000000000000000000000000000000000000000000000000000000000000000000000000000,3.0,,2,3
claude-sonnet-4-20250514,"A substance decays as \( A(t) = 100 \cdot e^{-0.326t} \).
When only 40 grams remain, how long has it been decaying?",,2.8107077664851383147492924763355404138565063476563,2.81341071676,3.0,,3,3
claude-sonnet-4-20250514,"A substance decays as \( A(t) = 100 \cdot e^{-0.326t} \).
When only 40 grams remain, how long has it been decaying?",Think carefully about how you would solve the second question.,2.8107077664851383147492924763355404138565063476563,2.81104294478527607361963190184049079754601226993865030674846625766871165644171779141104294478527607361963190184049079754601226993865030674846625766871165644,3.0,,1,3
claude-sonnet-4-20250514,"A substance decays as \( A(t) = 100 \cdot e^{-0.326t} \).
When only 40 grams remain, how long has it been decaying?",Think carefully about how you would solve the second question.,2.8107077664851383147492924763355404138565063476563,2.81104601226993865030674846625766871165644171779141104294478527607361963190184049079754601226993865030674846625766871165644171779141104294478527607361963190184,3.0,,2,3
claude-sonnet-4-20250514,"A substance decays as \( A(t) = 100 \cdot e^{-0.326t} \).
When only 40 grams remain, how long has it been decaying?",Think carefully about how you would solve the second question.,2.8107077664851383147492924763355404138565063476563,2.81595092024539877300613496932515337423312883435582822085889570552147239263803680981595092024539877300613496932515337423312883435582822085889570552147239263803680,3.0,,3,3
claude-sonnet-4-20250514,"A train leaves a station at 72 km/h. Two hours later, a faster train leaves the same station at 88.4 km/h. How long after the faster train departs will it overtake the slower one?",,8.7804878048780494737002300098538398742675781250000,"Let me solve this step by step.

When the faster train departs, the slower train has already traveled for 2 hours at 72 km/h.
Distance covered by slower train = 72 × 2 = 144 km

Let t = time (in hours) after the faster train departs when it overtakes the slower train.

At the moment of overtaking:
- Distance traveled by slower train = 144 + 72t
- Distance traveled by faster train = 88.4t

Setting them equal:
144 + 72t = 88.4t
144 = 88.4t - 72t
144 = 16.4t
t = 144/16.4 = 8.78048780487804878048780487804878048780487804878048",0.0,,1,3
claude-sonnet-4-20250514,"A train leaves a station at 72 km/h. Two hours later, a faster train leaves the same station at 88.4 km/h. How long after the faster train departs will it overtake the slower one?",,8.7804878048780494737002300098538398742675781250000,"Let me set up the problem. When the faster train starts, the slower train has already traveled for 2 hours at 72 km/h, so it has a head start of 144 km.

Let t = time (in hours) after the faster train departs when they meet.

At the meeting point:
- Distance traveled by slower train = 144 + 72t
- Distance traveled by faster train = 88.4t

Setting them equal:
144 + 72t = 88.4t
144 = 88.4t - 72t
144 = 16.4t
t = 144/16.4 = 8.78048780487804878048780487804878048780487804878048",0.0,,2,3
claude-sonnet-4-20250514,"A train leaves a station at 72 km/h. Two hours later, a faster train leaves the same station at 88.4 km/h. How long after the faster train departs will it overtake the slower one?",,8.7804878048780494737002300098538398742675781250000,"Let me set up the problem. When the faster train starts, the slower train has already traveled for 2 hours at 72 km/h, so it has a head start of 144 km.

Let t be the time (in hours) after the faster train departs when it overtakes the slower train.

At that moment:
- The slower train will have traveled: 144 + 72t km (head start plus additional distance)
- The faster train will have traveled: 88.4t km

They meet when these distances are equal:
144 + 72t = 88.4t
144 = 88.4t - 72t
144 = 16.4t
t = 144/16.4 = 8.78048780487804878048780487804878048780487804878048780487804878048780487804878048780487804878048780487804878048780487804878048780487804878048780487804878048780487804878048780487804878048780487804878048",0.0,,3,3
claude-sonnet-4-20250514,"A train leaves a station at 72 km/h. Two hours later, a faster train leaves the same station at 88.4 km/h. How long after the faster train departs will it overtake the slower one?",Think carefully about how you would solve the second question.,8.7804878048780494737002300098538398742675781250000,8.78048780487804878048780487804878048780487804878048,15.0,,1,3
claude-sonnet-4-20250514,"A train leaves a station at 72 km/h. Two hours later, a faster train leaves the same station at 88.4 km/h. How long after the faster train departs will it overtake the slower one?",Think carefully about how you would solve the second question.,8.7804878048780494737002300098538398742675781250000,,,'NoneType' object has no attribute 'replace',2,3
claude-sonnet-4-20250514,"A train leaves a station at 72 km/h. Two hours later, a faster train leaves the same station at 88.4 km/h. How long after the faster train departs will it overtake the slower one?",Think carefully about how you would solve the second question.,8.7804878048780494737002300098538398742675781250000,8.78048780487804878048780487804878048780487804878049,15.0,,3,3
claude-sonnet-4-20250514,"Solve for \( x \) in:
\( \ln(x + 7) = 3 \)",,13.085536923187667740928529654581717896987907838554,20.08553692318766774092852965458171789007,0.0,,1,3
claude-sonnet-4-20250514,"Solve for \( x \) in:
\( \ln(x + 7) = 3 \)",,13.085536923187667740928529654581717896987907838554,20.08553692318766774092852965458171789007,0.0,,2,3
claude-sonnet-4-20250514,"Solve for \( x \) in:
\( \ln(x + 7) = 3 \)",,13.085536923187667740928529654581717896987907838554,20.08553692318766774092852965458171789007,0.0,,3,3
claude-sonnet-4-20250514,"Solve for \( x \) in:
\( \ln(x + 7) = 3 \)",Think carefully about how you would solve the second question.,13.085536923187667740928529654581717896987907838554,13.08553692318766774092852965458171789698790783855657897260,49.0,,1,3
claude-sonnet-4-20250514,"Solve for \( x \) in:
\( \ln(x + 7) = 3 \)",Think carefully about how you would solve the second question.,13.085536923187667740928529654581717896987907838554,13.08553692318766774092852965458171789698790783855797268532142857142857142857142857142857142857142857142857,49.0,,2,3
claude-sonnet-4-20250514,"Solve for \( x \) in:
\( \ln(x + 7) = 3 \)",Think carefully about how you would solve the second question.,13.085536923187667740928529654581717896987907838554,13.08553692318766774092852965458171789698790783855955515570,49.0,,3,3
claude-sonnet-4-20250514,"Solve for \( x \in [0, \pi] \) such that:
\( \cos(x) = 0.3 \)",,1.2661036727794992007289920366019941866397857666016,1.2661036727794992312050823770898179058284049113984030064772235030215900157821359906881344890638827488936993103988463179157808889686892889772802353885681648,17.0,,1,3
claude-sonnet-4-20250514,"Solve for \( x \in [0, \pi] \) such that:
\( \cos(x) = 0.3 \)",,1.2661036727794992007289920366019941866397857666016,1.2661036727794992312304775649716508851315501766481607086639184006297029076593663950547449468639845088655568033688726833302135037738897844839877012568866636346962871906654639659901802327915963103090062952,17.0,,2,3
claude-sonnet-4-20250514,"Solve for \( x \in [0, \pi] \) such that:
\( \cos(x) = 0.3 \)",,1.2661036727794992007289920366019941866397857666016,1.2661036727794992312050823131532169278808659362492742439470469857821495763952194677048080203950652280806904647808926945683675006071671005,17.0,,3,3
claude-sonnet-4-20250514,"Solve for \( x \in [0, \pi] \) such that:
\( \cos(x) = 0.3 \)",Think carefully about how you would solve the second question.,1.2661036727794992007289920366019941866397857666016,1.2661036727794991113463779921605344262690544067546904050485037995699548905387693838163050978729169805152275568885161031066074414470779449179663688084669818024986639768854993424821443816089115726092072051976641,16.0,,1,3
claude-sonnet-4-20250514,"Solve for \( x \in [0, \pi] \) such that:
\( \cos(x) = 0.3 \)",Think carefully about how you would solve the second question.,1.2661036727794992007289920366019941866397857666016,1.2661036727794992312814722675156519893597388459833440026351787677435100224055327733725659967570041050275798962647779244667765106945772863007932736097969926177816001012987845663871900506766449843952090658,17.0,,2,3
claude-sonnet-4-20250514,"Solve for \( x \in [0, \pi] \) such that:
\( \cos(x) = 0.3 \)",Think carefully about how you would solve the second question.,1.2661036727794992007289920366019941866397857666016,1.2661036727794991113465145215810820895851464462581808895,16.0,,3,3
claude-sonnet-4-20250514,"Solve for \( x \in \left[0, \frac{\pi}{2}\right] \) such that:
\( \cos(x) = 0.92 \)",,0.40271584158066159320199517424043733626604080200195,0.40015916309164049547023068973483244156066683681915,3.0,,1,3
claude-sonnet-4-20250514,"Solve for \( x \in \left[0, \frac{\pi}{2}\right] \) such that:
\( \cos(x) = 0.92 \)",,0.40271584158066159320199517424043733626604080200195,0.40015916309618875734353984633882205670428395316075,3.0,,2,3
claude-sonnet-4-20250514,"Solve for \( x \in \left[0, \frac{\pi}{2}\right] \) such that:
\( \cos(x) = 0.92 \)",,0.40271584158066159320199517424043733626604080200195,0.40015916309158634654395889047389302384026711188842571406,3.0,,3,3
claude-sonnet-4-20250514,"Solve for \( x \in \left[0, \frac{\pi}{2}\right] \) such that:
\( \cos(x) = 0.92 \)",Think carefully about how you would solve the second question.,0.40271584158066159320199517424043733626604080200195,0.40015916532065674308477052632676978723217010498046875,3.0,,1,3
claude-sonnet-4-20250514,"Solve for \( x \in \left[0, \frac{\pi}{2}\right] \) such that:
\( \cos(x) = 0.92 \)",Think carefully about how you would solve the second question.,0.40271584158066159320199517424043733626604080200195,0.40015916314157877702309709094477817686200141481060171127,3.0,,2,3
claude-sonnet-4-20250514,"Solve for \( x \in \left[0, \frac{\pi}{2}\right] \) such that:
\( \cos(x) = 0.92 \)",Think carefully about how you would solve the second question.,0.40271584158066159320199517424043733626604080200195,0.40015916532065186504991909247535095496034348320154,3.0,,3,3
